id,company,joburl,lat,lng
https://jobs.51job.com/beijing-cpq/101158691.html?s=01&t=0,北京泰和特电子技术有限公司,https://jobs.51job.com/beijing-cpq/101158691.html?s=01&t=0,40.089943,116.317767
https://jobs.51job.com/beijing-dxq/79384950.html?s=01&t=0,北京Dole食品有限公司,https://jobs.51job.com/beijing-dxq/79384950.html?s=01&t=0,39.782380,116.545310
https://jobs.51job.com/beijing-hdq/99619588.html?s=01&t=0,北京飞宇星电子科技有限公司,https://jobs.51job.com/beijing-hdq/99619588.html?s=01&t=0,39.945247,116.320040
https://jobs.51job.com/beijing-cyq/101440646.html?s=01&t=0,中嘉盈时网络信息技术（北京）有限公司,https://jobs.51job.com/beijing-cyq/101440646.html?s=01&t=0,39.890559,116.474047
https://jobs.51job.com/beijing-tzq/100562031.html?s=01&t=0,国金黄金股份有限公司,https://jobs.51job.com/beijing-tzq/100562031.html?s=01&t=0,39.911847,116.648794
https://jobs.51job.com/beijing-cyq/101462952.html?s=01&t=0,北京美隆康润科贸有限公司,https://jobs.51job.com/beijing-cyq/101462952.html?s=01&t=0,39.914223,116.457089
https://jobs.51job.com/beijing/99336059.html?s=01&t=0,上海萌睿生物科技有限公司,https://jobs.51job.com/beijing/99336059.html?s=01&t=0,39.878359,116.253965
https://jobs.51job.com/beijing-myq/100393451.html?s=01&t=0,北京麦康药业有限公司,https://jobs.51job.com/beijing-myq/100393451.html?s=01&t=0,39.958991,116.334145
https://jobs.51job.com/beijing-cyq/101453811.html?s=01&t=0,摩酒（北京）网络科技有限公司,https://jobs.51job.com/beijing-cyq/101453811.html?s=01&t=0,39.910065,116.512351
https://jobs.51job.com/beijing-cyq/91824267.html?s=01&t=0,北京久禧科技有限公司,https://jobs.51job.com/beijing-cyq/91824267.html?s=01&t=0,39.940956,116.500782
https://jobs.51job.com/beijing-cyq/101454595.html?s=01&t=0,北京三友联高科技有限公司,https://jobs.51job.com/beijing-cyq/101454595.html?s=01&t=0,39.928181,116.455129
https://jobs.51job.com/beijing-dxq/65396142.html?s=01&t=0,北京中都星徽物流有限公司,https://jobs.51job.com/beijing-dxq/65396142.html?s=01&t=0,39.789470,116.503056
https://jobs.51job.com/beijing-cyq/100316741.html?s=01&t=0,北京环球友邻科技有限公司,https://jobs.51job.com/beijing-cyq/100316741.html?s=01&t=0,40.016794,116.481497
https://jobs.51job.com/beijing-hdq/101276066.html?s=01&t=0,北京进化者机器人科技有限公司,https://jobs.51job.com/beijing-hdq/101276066.html?s=01&t=0,40.040288,116.378216
https://jobs.51job.com/beijing/101462357.html?s=01&t=0,北京瑞品惠众商贸有限公司,https://jobs.51job.com/beijing/101462357.html?s=01&t=0,39.918501,116.442832
https://jobs.51job.com/beijing-xcq/83180754.html?s=01&t=0,北京汇通汇利技术开发有限公司,https://jobs.51job.com/beijing-xcq/83180754.html?s=01&t=0,39.920646,116.365761
https://jobs.51job.com/beijing-hdq/101424712.html?s=01&t=0,北京蓝景圣诺尔能源科技有限公司,https://jobs.51job.com/beijing-hdq/101424712.html?s=01&t=0,39.963718,116.283447
https://jobs.51job.com/beijing/85480883.html?s=01&t=0,北京秀洁新兴建材有限责任公司,https://jobs.51job.com/beijing/85480883.html?s=01&t=0,39.765982,116.288264
https://jobs.51job.com/beijing/101436471.html?s=01&t=0,北京京西隆电子商务有限公司,https://jobs.51job.com/beijing/101436471.html?s=01&t=0,39.931977,116.386332
https://jobs.51job.com/beijing-cyq/92670781.html?s=01&t=0,北京琞煜电子商务有限公司,https://jobs.51job.com/beijing-cyq/92670781.html?s=01&t=0,39.904097,116.498004
https://jobs.51job.com/beijing/90556122.html?s=01&t=0,阿帕奇（北京）光纤激光技术有限公司,https://jobs.51job.com/beijing/90556122.html?s=01&t=0,39.785099,116.528417
https://jobs.51job.com/beijing-dxq/101428407.html?s=01&t=0,诺心食品（北京）有限公司,https://jobs.51job.com/beijing-dxq/101428407.html?s=01&t=0,39.817039,116.533205
https://jobs.51job.com/beijing-cyq/96330661.html?s=01&t=0,北京美纷电子商务有限公司,https://jobs.51job.com/beijing-cyq/96330661.html?s=01&t=0,39.938159,116.459342
https://jobs.51job.com/beijing/98217208.html?s=01&t=0,历峰集团Richemont,https://jobs.51job.com/beijing/98217208.html?s=01&t=0,39.925938,116.455996
https://jobs.51job.com/beijing-tzq/101436802.html?s=01&t=0,万雅特（北京）供应链管理有限公司,https://jobs.51job.com/beijing-tzq/101436802.html?s=01&t=0,39.829096,116.777111
https://jobs.51job.com/beijing-cyq/84932456.html?s=01&t=0,美伦商务咨询服务（上海）有限公司,https://jobs.51job.com/beijing-cyq/84932456.html?s=01&t=0,39.949834,116.460540
https://jobs.51job.com/beijing-cyq/96005967.html?s=01&t=0,江苏美意人造草坪有限公司北京分公司,https://jobs.51job.com/beijing-cyq/96005967.html?s=01&t=0,39.941343,116.477497
https://jobs.51job.com/beijing-dxq/101300289.html?s=01&t=0,北京如风达快递有限公司,https://jobs.51job.com/beijing-dxq/101300289.html?s=01&t=0,39.803080,116.515953
https://jobs.51job.com/beijing/78947314.html?s=01&t=0,北京加美味食品有限公司,https://jobs.51job.com/beijing/78947314.html?s=01&t=0,39.782513,116.801340
https://jobs.51job.com/beijing-dxq/101443288.html?s=01&t=0,北京森瑞科仪科技发展有限公司,https://jobs.51job.com/beijing-dxq/101443288.html?s=01&t=0,39.782010,116.562255
https://jobs.51job.com/beijing-syq/99584155.html?s=01&t=0,沃芬医疗器械商贸（北京）有限公司,https://jobs.51job.com/beijing-syq/99584155.html?s=01&t=0,40.131903,116.600606
https://jobs.51job.com/beijing/101448356.html?s=01&t=0,北京明尼克分析仪器设备中心,https://jobs.51job.com/beijing/101448356.html?s=01&t=0,40.008266,116.474904
https://jobs.51job.com/beijing-syq/101449258.html?s=01&t=0,辉士尔医药技术（苏州）有限公司 查看所有职位,https://jobs.51job.com/beijing-syq/101449258.html?s=01&t=0,40.149167,116.706178
https://jobs.51job.com/beijing-hdq/75530073.html?s=01&t=0,北京羽通美辰医疗器械技术有限公司,https://jobs.51job.com/beijing-hdq/75530073.html?s=01&t=0,39.953417,116.304692
https://jobs.51job.com/beijing-cyq/101220607.html?s=01&t=0,北京一堂教育科技有限公司,https://jobs.51job.com/beijing-cyq/101220607.html?s=01&t=0,40.039497,116.422785
https://jobs.51job.com/beijing/100620384.html?s=01&t=0,北京英迈印刷机械有限公司,https://jobs.51job.com/beijing/100620384.html?s=01&t=0,39.979464,116.722204
https://jobs.51job.com/beijing/84878022.html?s=01&t=0,驿麟科创医疗科技（北京）有限公司,https://jobs.51job.com/beijing/84878022.html?s=01&t=0,39.894931,116.471896
https://jobs.51job.com/beijing-dxq/77725023.html?s=01&t=0,北京贞光科技有限公司,https://jobs.51job.com/beijing-dxq/77725023.html?s=01&t=0,39.794945,116.520775
https://jobs.51job.com/beijing-tzq/90534950.html?s=01&t=0,北京普能世纪科技有限公司,https://jobs.51job.com/beijing-tzq/90534950.html?s=01&t=0,39.867941,116.731351
https://jobs.51job.com/beijing/100872135.html?s=01&t=0,神州数码供应链,https://jobs.51job.com/beijing/100872135.html?s=01&t=0,39.910047,116.389487
https://jobs.51job.com/beijing-hrq/101447000.html?s=01&t=0,京瑞恒诚电气（北京）股份有限公司,https://jobs.51job.com/beijing-hrq/101447000.html?s=01&t=0,40.302781,116.710480
https://jobs.51job.com/beijing-hdq/101446884.html?s=01&t=0,北京网际威信科技有限公司,https://jobs.51job.com/beijing-hdq/101446884.html?s=01&t=0,39.972810,116.327758
https://jobs.51job.com/beijing/101453464.html?s=01&t=0,珺馨科技有限公司,https://jobs.51job.com/beijing/101453464.html?s=01&t=0,39.788829,116.558342
https://jobs.51job.com/beijing-tzq/83824741.html?s=01&t=0,北京旭阳医药科技有限公司,https://jobs.51job.com/beijing-tzq/83824741.html?s=01&t=0,39.894832,116.661739
https://jobs.51job.com/beijing-dcq/101458815.html?s=01&t=0,北京东博古玩字画鉴定中心,https://jobs.51job.com/beijing-dcq/101458815.html?s=01&t=0,39.913031,116.435319
https://jobs.51job.com/beijing-syq/101455610.html?s=01&t=0,晟邦物流有限公司,https://jobs.51job.com/beijing-syq/101455610.html?s=01&t=0,40.135434,116.607599
https://jobs.51job.com/beijing-cpq/101000075.html?s=01&t=0,北京朔方科技发展股份有限公司,https://jobs.51job.com/beijing-cpq/101000075.html?s=01&t=0,40.213479,116.419697
https://jobs.51job.com/beijing-syq/102409859.html?s=01&t=0,北京安达承运物流有限公司,https://jobs.51job.com/beijing-syq/102409859.html?s=01&t=0,40.049471,116.648604
https://jobs.51job.com/beijing-cyq/102450955.html?s=01&t=0,北京三友联高科技有限公司,https://jobs.51job.com/beijing-cyq/102450955.html?s=01&t=0,39.928181,116.455129
https://jobs.51job.com/tianjin-jnq/102454412.html?s=01&t=0,神州数码供应链,https://jobs.51job.com/tianjin-jnq/102454412.html?s=01&t=0,38.971014,117.361905
https://jobs.51job.com/shanghai/102426941.html?s=01&t=0,麻雀物流发展有限公司,https://jobs.51job.com/shanghai/102426941.html?s=01&t=0,31.235929,121.480540
https://jobs.51job.com/beijing-dxq/97994088.html?s=01&t=0,北京亚通达物流有限公司,https://jobs.51job.com/beijing-dxq/97994088.html?s=01&t=0,39.691583,116.507257
https://jobs.51job.com/beijing-cyq/102334400.html?s=01&t=0,上海赫持货运代理有限公司,https://jobs.51job.com/beijing-cyq/102334400.html?s=01&t=0,39.844006,116.599571
https://jobs.51job.com/beijing-syq/99964420.html?s=01&t=0,大田集团,https://jobs.51job.com/beijing-syq/99964420.html?s=01&t=0,40.064335,116.585683
https://jobs.51job.com/beijing-syq/100425494.html?s=01&t=0,联合运输（天津）有限公司,https://jobs.51job.com/beijing-syq/100425494.html?s=01&t=0,40.121575,116.618527
https://jobs.51job.com/beijing-tzq/94201981.html?s=01&t=0,天津狮桥国际物流有限公司,https://jobs.51job.com/beijing-tzq/94201981.html?s=01&t=0,39.754860,116.567483
https://jobs.51job.com/beijing/96431519.html?s=01&t=0,杭州鸿懋物流有限公司,https://jobs.51job.com/beijing/96431519.html?s=01&t=0,39.809773,116.539402
https://jobs.51job.com/beijing-tzq/96130628.html?s=01&t=0,北京鹏远新和国际物流有限公司 查看所有职位,https://jobs.51job.com/beijing-tzq/96130628.html?s=01&t=0,39.916017,116.663415
https://jobs.51job.com/beijing-cyq/90980489.html?s=01&t=0,苏州美生美家物流有限公司,https://jobs.51job.com/beijing-cyq/90980489.html?s=01&t=0,39.888747,116.578276
https://jobs.51job.com/beijing-syq/64995057.html?s=01&t=0,上海嘉星物流有限公司 查看所有职位,https://jobs.51job.com/beijing-syq/64995057.html?s=01&t=0,40.131881,116.598540
https://jobs.51job.com/beijing-syq/88375891.html?s=01&t=0,深圳欧瑞特供应链管理有限公司,https://jobs.51job.com/beijing-syq/88375891.html?s=01&t=0,40.117452,116.606579
https://jobs.51job.com/beijing-tzq/94823100.html?s=01&t=0,安徽南北快运有限责任公司,https://jobs.51job.com/beijing-tzq/94823100.html?s=01&t=0,39.758831,116.589961
https://jobs.51job.com/beijing-tzq/96102300.html?s=01&t=0,北京卡行天下供应链管理有限公司,https://jobs.51job.com/beijing-tzq/96102300.html?s=01&t=0,39.995619,116.409138
https://jobs.51job.com/beijing-tzq/98776137.html?s=01&t=0,上海复融供应链管理有限公司,https://jobs.51job.com/beijing-tzq/98776137.html?s=01&t=0,39.752060,116.627640
https://jobs.51job.com/beijing-dxq/101204052.html?s=01&t=0,唯捷城配,https://jobs.51job.com/beijing-dxq/101204052.html?s=01&t=0,39.732555,116.348628
https://jobs.51job.com/beijing-syq/94927667.html?s=01&t=0,小码大众（北京）技术有限公司,https://jobs.51job.com/beijing-syq/94927667.html?s=01&t=0,40.137782,116.595089
https://jobs.51job.com/beijing-cyq/97896783.html?s=01&t=0,上海信茂国际货物运输代理有限公司 查看所有职位,https://jobs.51job.com/beijing-cyq/97896783.html?s=01&t=0,40.007628,116.475719
https://jobs.51job.com/beijing-cyq/101788385.html?s=01&t=0,驿路星辰（北京）科技有限公司,https://jobs.51job.com/beijing-cyq/101788385.html?s=01&t=0,39.990926,116.479456
https://jobs.51job.com/beijing-tzq/96036715.html?s=01&t=0,北京盛辉运输有限公司,https://jobs.51job.com/beijing-tzq/96036715.html?s=01&t=0,39.721850,116.552906
https://jobs.51job.com/beijing/97277931.html?s=01&t=0,国科恒泰（北京）医疗科技股份有限公司,https://jobs.51job.com/beijing/97277931.html?s=01&t=0,39.815112,116.543693
https://jobs.51job.com/beijing-tzq/95596202.html?s=01&t=0,安吉快运（上海）有限公司,https://jobs.51job.com/beijing-tzq/95596202.html?s=01&t=0,39.986664,116.778528
https://jobs.51job.com/beijing/100718061.html?s=01&t=0,广州金域达物流有限公司 查看所有职位,https://jobs.51job.com/beijing/100718061.html?s=01&t=0,39.808751,116.546272
https://jobs.51job.com/beijing-dxq/100397988.html?s=01&t=0,北京佳联世纪运输有限公司,https://jobs.51job.com/beijing-dxq/100397988.html?s=01&t=0,39.763381,116.352360
https://jobs.51job.com/beijing-tzq/102004054.html?s=01&t=0,北京世纪链通快运有限公司,https://jobs.51job.com/beijing-tzq/102004054.html?s=01&t=0,39.762108,116.669043
https://jobs.51job.com/beijing-cyq/52131453.html?s=01&t=0,上海亮锋物流有限公司,https://jobs.51job.com/beijing-cyq/52131453.html?s=01&t=0,39.853906,116.590937
https://jobs.51job.com/beijing/90851980.html?s=01&t=0,嘉友国际物流股份有限公司,https://jobs.51job.com/beijing/90851980.html?s=01&t=0,39.924094,116.352877
https://jobs.51job.com/beijing-dxq/93824309.html?s=01&t=0,北京百利威仓储物流有限公司,https://jobs.51job.com/beijing-dxq/93824309.html?s=01&t=0,39.698136,116.351486
https://jobs.51job.com/beijing-cyq/99812156.html?s=01&t=0,北京安邦合众供应链管理服务有限公司,https://jobs.51job.com/beijing-cyq/99812156.html?s=01&t=0,40.046977,116.420151
https://jobs.51job.com/beijing-tzq/102361810.html?s=01&t=0,中国外运物流发展有限公司,https://jobs.51job.com/beijing-tzq/102361810.html?s=01&t=0,39.809882,116.556183
https://jobs.51job.com/beijing-dxq/99581885.html?s=01&t=0,上海生生物流有限公司,https://jobs.51job.com/beijing-dxq/99581885.html?s=01&t=0,39.803147,116.522029
https://jobs.51job.com/beijing-dxq/92137603.html?s=01&t=0,北京动力物流有限公司,https://jobs.51job.com/beijing-dxq/92137603.html?s=01&t=0,39.858433,116.403589
https://jobs.51job.com/beijing-syq/100656446.html?s=01&t=0,宏远控股集团 查看所有职位,https://jobs.51job.com/beijing-syq/100656446.html?s=01&t=0,40.126253,116.621504
https://jobs.51job.com/beijing-cyq/98797031.html?s=01&t=0,上海居嘉物流发展有限公司,https://jobs.51job.com/beijing-cyq/98797031.html?s=01&t=0,39.887503,116.605534
https://jobs.51job.com/beijing-syq/101191125.html?s=01&t=0,深圳市九立供应链股份有限公司,https://jobs.51job.com/beijing-syq/101191125.html?s=01&t=0,40.070142,116.583921
https://jobs.51job.com/beijing/102050048.html?s=01&t=0,蜀海（北京）供应链管理有限责任公司,https://jobs.51job.com/beijing/102050048.html?s=01&t=0,39.721414,116.429752
https://jobs.51job.com/shanghai-jdq/102400853.html?s=01&t=0,上海顶实仓储有限公司,https://jobs.51job.com/shanghai-jdq/102400853.html?s=01&t=0,31.368768,121.326101
https://jobs.51job.com/beijing-dxq/83797405.html?s=01&t=0,夏晖物流（北京）有限公司 查看所有职位,https://jobs.51job.com/beijing-dxq/83797405.html?s=01&t=0,39.798127,116.523434
https://jobs.51job.com/beijing-cyq/93026089.html?s=01&t=0,北京博远骏鑫商贸有限公司,https://jobs.51job.com/beijing-cyq/93026089.html?s=01&t=0,39.872494,116.548118
https://jobs.51job.com/beijing-hdq/86510192.html?s=01&t=0,国新元创（北京）文化科技有限公司 查看所有职位,https://jobs.51job.com/beijing-hdq/86510192.html?s=01&t=0,40.158363,116.278927
https://jobs.51job.com/beijing-cyq/97661858.html?s=01&t=0,北京美联国际物流有限公司,https://jobs.51job.com/beijing-cyq/97661858.html?s=01&t=0,39.918447,116.497641
https://jobs.51job.com/beijing-dxq/100395162.html?s=01&t=0,北京佳联世纪运输有限公司,https://jobs.51job.com/beijing-dxq/100395162.html?s=01&t=0,39.763381,116.352360
https://jobs.51job.com/beijing-cyq/101546243.html?s=01&t=0,上海诺必达物流有限公司,https://jobs.51job.com/beijing-cyq/101546243.html?s=01&t=0,39.859070,116.602607
https://jobs.51job.com/beijing-syq/102501304.html?s=01&t=0,保利佐川物流有限公司北京分公司 查看所有职位,https://jobs.51job.com/beijing-syq/102501304.html?s=01&t=0,40.118753,116.615235
https://jobs.51job.com/beijing-dxq/102469182.html?s=01&t=0,蜀海（北京）供应链管理有限责任公司,https://jobs.51job.com/beijing-dxq/102469182.html?s=01&t=0,39.710328,116.424517
https://jobs.51job.com/beijing-syq/101938266.html?s=01&t=0,北京恒诚易达物流有限公司,https://jobs.51job.com/beijing-syq/101938266.html?s=01&t=0,40.118771,116.615528
https://jobs.51job.com/beijing-syq/101482203.html?s=01&t=0,上海诚驹供应链管理有限公司,https://jobs.51job.com/beijing-syq/101482203.html?s=01&t=0,40.228697,116.571705
https://jobs.51job.com/beijing-hrq/101039731.html?s=01&t=0,建华物流有限公司 查看所有职位,https://jobs.51job.com/beijing-hrq/101039731.html?s=01&t=0,40.275986,116.639647
https://jobs.51job.com/beijing-syq/102121101.html?s=01&t=0,新时代国际运输服务有限公司,https://jobs.51job.com/beijing-syq/102121101.html?s=01&t=0,40.122071,116.675723
https://jobs.51job.com/beijing-dxq/102180765.html?s=01&t=0,青旅联合物流科技集团有限公司,https://jobs.51job.com/beijing-dxq/102180765.html?s=01&t=0,39.768268,116.365122
https://jobs.51job.com/beijing-dxq/94914807.html?s=01&t=0,上海贝业新兄弟供应链管理有限公司,https://jobs.51job.com/beijing-dxq/94914807.html?s=01&t=0,39.772674,116.570030
https://jobs.51job.com/beijing-dxq/97416981.html?s=01&t=0,东莞中外运供应链管理有限公司,https://jobs.51job.com/beijing-dxq/97416981.html?s=01&t=0,39.697340,116.348583
https://jobs.51job.com/xian/98330709.html?s=01&t=0,亚欧好运有限公司,https://jobs.51job.com/xian/98330709.html?s=01&t=0,34.347269,108.946466
https://jobs.51job.com/beijing-cyq/97314979.html?s=01&t=0,北京安信捷达物流有限公司,https://jobs.51job.com/beijing-cyq/97314979.html?s=01&t=0,39.869637,116.595963
https://jobs.51job.com/beijing-syq/99591228.html?s=01&t=0,北京钥途冷运物流有限公司,https://jobs.51job.com/beijing-syq/99591228.html?s=01&t=0,40.188292,116.567701
https://jobs.51job.com/beijing-syq/68134669.html?s=01&t=0,康德乐（中国）医药有限公司,https://jobs.51job.com/beijing-syq/68134669.html?s=01&t=0,39.912879,116.445568
https://jobs.51job.com/beijing-dxq/101622218.html?s=01&t=0,北京国泰兴达安全防范技术有限公司,https://jobs.51job.com/beijing-dxq/101622218.html?s=01&t=0,39.767484,116.325287
https://jobs.51job.com/beijing-syq/101245893.html?s=01&t=0,中国邮政速递物流北京示范基地,https://jobs.51job.com/beijing-syq/101245893.html?s=01&t=0,40.137351,116.602748
https://jobs.51job.com/beijing-dxq/97994099.html?s=01&t=0,北京亚通达物流有限公司,https://jobs.51job.com/beijing-dxq/97994099.html?s=01&t=0,39.691583,116.507257
https://jobs.51job.com/shanghai/102514508.html?s=01&t=0,麻雀物流发展有限公司,https://jobs.51job.com/shanghai/102514508.html?s=01&t=0,31.235929,121.480540
https://jobs.51job.com/beijing-hdq/102088283.html?s=01&t=0,神州数码供应链,https://jobs.51job.com/beijing-hdq/102088283.html?s=01&t=0,40.057387,116.309722
https://jobs.51job.com/beijing-dxq/102400853.html?s=01&t=0,上海顶实仓储有限公司,https://jobs.51job.com/beijing-dxq/102400853.html?s=01&t=0,39.714948,116.405889
https://jobs.51job.com/yanjiao/101741587.html?s=01&t=0,北京恒诚易达物流有限公司,https://jobs.51job.com/yanjiao/101741587.html?s=01&t=0,39.952571,116.801207
https://jobs.51job.com/beijing-tzq/102576464.html?s=01&t=0,北京世纪链通快运有限公司,https://jobs.51job.com/beijing-tzq/102576464.html?s=01&t=0,39.762108,116.669043
https://jobs.51job.com/beijing-cyq/102616603.html?s=01&t=0,北京三友联高科技有限公司,https://jobs.51job.com/beijing-cyq/102616603.html?s=01&t=0,39.928181,116.455129
https://jobs.51job.com/shanghai/102485466.html?s=01&t=0,麻雀物流发展有限公司,https://jobs.51job.com/shanghai/102485466.html?s=01&t=0,31.235929,121.480540
https://jobs.51job.com/beijing-syq/74720733.html?s=01&t=0,深圳欧瑞特供应链管理有限公司,https://jobs.51job.com/beijing-syq/74720733.html?s=01&t=0,40.117452,116.606579
https://jobs.51job.com/beijing-dxq/97994211.html?s=01&t=0,北京亚通达物流有限公司,https://jobs.51job.com/beijing-dxq/97994211.html?s=01&t=0,39.691583,116.507257
https://jobs.51job.com/beijing-cyq/102592431.html?s=01&t=0,上海贝业新兄弟供应链管理有限公司 查看所有职位,https://jobs.51job.com/beijing-cyq/102592431.html?s=01&t=0,39.983124,116.470188
https://jobs.51job.com/beijing-dxq/99382469.html?s=01&t=0,福德泰克（北京）工程技术咨询有限公司 查看所有职位,https://jobs.51job.com/beijing-dxq/99382469.html?s=01&t=0,39.786482,116.524836
https://jobs.51job.com/beijing-syq/44415719.html?s=01&t=0,优尼派特（苏州）物流有限公司 查看所有职位,https://jobs.51job.com/beijing-syq/44415719.html?s=01&t=0,40.128314,116.594326
https://jobs.51job.com/beijing-cyq/96891255.html?s=01&t=0,北京达世行北苑汽车销售服务有限公司 查看所有职位,https://jobs.51job.com/beijing-cyq/96891255.html?s=01&t=0,40.029111,116.438619
https://jobs.51job.com/beijing-dxq/96702459.html?s=01&t=0,蜀海（北京）供应链管理有限责任公司,https://jobs.51job.com/beijing-dxq/96702459.html?s=01&t=0,39.721470,116.429835
https://jobs.51job.com/beijing-tzq/99657852.html?s=01&t=0,江苏小牛电动科技有限公司,https://jobs.51job.com/beijing-tzq/99657852.html?s=01&t=0,39.814173,116.708029
https://jobs.51job.com/beijing-cyq/100151412.html?s=01&t=0,上海诺必达物流有限公司,https://jobs.51job.com/beijing-cyq/100151412.html?s=01&t=0,39.859070,116.602607
https://jobs.51job.com/beijing-syq/98146742.html?s=01&t=0,北京嘉恒运通国际物流有限公司 查看所有职位,https://jobs.51job.com/beijing-syq/98146742.html?s=01&t=0,40.106832,116.572840
https://jobs.51job.com/beijing-cyq/100245523.html?s=01&t=0,北京燕文物流有限公司,https://jobs.51job.com/beijing-cyq/100245523.html?s=01&t=0,39.984439,116.505471
https://jobs.51job.com/beijing-syq/97577557.html?s=01&t=0,北京长久物流股份有限公司 查看所有职位,https://jobs.51job.com/beijing-syq/97577557.html?s=01&t=0,40.139053,116.742843
https://jobs.51job.com/beijing/96961631.html?s=01&t=0,北京顶通物流有限公司 查看所有职位,https://jobs.51job.com/beijing/96961631.html?s=01&t=0,39.872320,116.606824
https://jobs.51job.com/beijing-cyq/94877065.html?s=01&t=0,神州数码供应链,https://jobs.51job.com/beijing-cyq/94877065.html?s=01&t=0,40.009064,116.575454
https://jobs.51job.com/beijing-syq/96598818.html?s=01&t=0,北京诚和通物流有限公司,https://jobs.51job.com/beijing-syq/96598818.html?s=01&t=0,40.142848,116.590562
https://jobs.51job.com/beijing/101883172.html?s=01&t=0,深圳市海格物流股份有限公司 查看所有职位,https://jobs.51job.com/beijing/101883172.html?s=01&t=0,40.131880,116.603260
https://jobs.51job.com/beijing-dxq/102720060.html?s=01&t=0,招商路凯（中国）投资控股有限公司,https://jobs.51job.com/beijing-dxq/102720060.html?s=01&t=0,39.911013,116.413554
https://jobs.51job.com/beijing-dxq/97994052.html?s=01&t=0,北京亚通达物流有限公司,https://jobs.51job.com/beijing-dxq/97994052.html?s=01&t=0,39.691583,116.507257
https://jobs.51job.com/beijing-tzq/94515660.html?s=01&t=0,安徽南北快运有限责任公司,https://jobs.51job.com/beijing-tzq/94515660.html?s=01&t=0,39.758831,116.589961
https://jobs.51job.com/beijing-syq/77602609.html?s=01&t=0,深圳欧瑞特供应链管理有限公司,https://jobs.51job.com/beijing-syq/77602609.html?s=01&t=0,40.117452,116.606579
https://jobs.51job.com/beijing-dxq/96702049.html?s=01&t=0,蜀海（北京）供应链管理有限责任公司,https://jobs.51job.com/beijing-dxq/96702049.html?s=01&t=0,39.721470,116.429835
https://jobs.51job.com/beijing-dxq/102200266.html?s=01&t=0,夏晖物流（北京）有限公司,https://jobs.51job.com/beijing-dxq/102200266.html?s=01&t=0,39.798127,116.523434
https://jobs.51job.com/beijing/55026660.html?s=01&t=0,盛辉物流集团有限公司,https://jobs.51job.com/beijing/55026660.html?s=01&t=0,39.732495,116.348215
https://jobs.51job.com/beijing-cyq/99392979.html?s=01&t=0,北京中铁环行铁道技术公司,https://jobs.51job.com/beijing-cyq/99392979.html?s=01&t=0,39.995551,116.517251
https://jobs.51job.com/beijing-syq/98152642.html?s=01&t=0,晟邦物流有限公司,https://jobs.51job.com/beijing-syq/98152642.html?s=01&t=0,40.030092,116.480620
https://jobs.51job.com/beijing-cyq/94890019.html?s=01&t=0,苏州通广物流有限公司,https://jobs.51job.com/beijing-cyq/94890019.html?s=01&t=0,39.780182,116.509254
https://jobs.51job.com/beijing-fsq/101890167.html?s=01&t=0,北京西博国际物流有限公司,https://jobs.51job.com/beijing-fsq/101890167.html?s=01&t=0,39.707970,116.142120
https://jobs.51job.com/beijing-tzq/102576799.html?s=01&t=0,北京世纪链通快运有限公司,https://jobs.51job.com/beijing-tzq/102576799.html?s=01&t=0,39.762108,116.669043
https://jobs.51job.com/beijing-hdq/102734174.html?s=01&t=0,北京一花一叶农业有限公司,https://jobs.51job.com/beijing-hdq/102734174.html?s=01&t=0,39.996942,116.203098
https://jobs.51job.com/beijing-syq/98633676.html?s=01&t=0,天地华宇集团,https://jobs.51job.com/beijing-syq/98633676.html?s=01&t=0,40.140360,116.717919
https://jobs.51job.com/beijing-dxq/97994062.html?s=01&t=0,北京亚通达物流有限公司,https://jobs.51job.com/beijing-dxq/97994062.html?s=01&t=0,39.691583,116.507257
https://jobs.51job.com/beijing-syq/77171545.html?s=01&t=0,天津狮桥国际物流有限公司,https://jobs.51job.com/beijing-syq/77171545.html?s=01&t=0,40.103017,116.550424
https://jobs.51job.com/beijing-hdq/102734230.html?s=01&t=0,北京一花一叶农业有限公司,https://jobs.51job.com/beijing-hdq/102734230.html?s=01&t=0,39.996942,116.203098
https://jobs.51job.com/beijing-cyq/102745056.html?s=01&t=0,上海赫持货运代理有限公司,https://jobs.51job.com/beijing-cyq/102745056.html?s=01&t=0,39.844006,116.599571
https://jobs.51job.com/beijing-syq/85798665.html?s=01&t=0,新华联合发行有限公司,https://jobs.51job.com/beijing-syq/85798665.html?s=01&t=0,40.205298,116.736033
https://jobs.51job.com/beijing-dxq/97994073.html?s=01&t=0,北京亚通达物流有限公司 查看所有职位,https://jobs.51job.com/beijing-dxq/97994073.html?s=01&t=0,39.691583,116.507257
https://jobs.51job.com/beijing-tzq/102762075.html?s=01&t=0,上海诚驹供应链管理有限公司,https://jobs.51job.com/beijing-tzq/102762075.html?s=01&t=0,39.745205,116.562790
https://jobs.51job.com/beijing/97884499.html?s=01&t=0,上海天地汇供应链管理有限公司,https://jobs.51job.com/beijing/97884499.html?s=01&t=0,39.764142,116.610978
https://jobs.51job.com/beijing-tzq/102838249.html?s=01&t=0,北京盛辉运输有限公司,https://jobs.51job.com/beijing-tzq/102838249.html?s=01&t=0,39.721850,116.552906
https://jobs.51job.com/beijing-dxq/102801244.html?s=01&t=0,蜀海（北京）供应链管理有限责任公司,https://jobs.51job.com/beijing-dxq/102801244.html?s=01&t=0,39.721470,116.429835
https://jobs.51job.com/beijing-dxq/97994078.html?s=01&t=0,北京亚通达物流有限公司,https://jobs.51job.com/beijing-dxq/97994078.html?s=01&t=0,39.691583,116.507257
https://jobs.51job.com/beijing-syq/102803333.html?s=01&t=0,嘉旅（北京）新能源汽车租赁有限公司,https://jobs.51job.com/beijing-syq/102803333.html?s=01&t=0,40.191701,116.620740
https://jobs.51job.com/beijing-tzq/102838374.html?s=01&t=0,北京品骏物流有限公司,https://jobs.51job.com/beijing-tzq/102838374.html?s=01&t=0,39.764685,116.614396
https://jobs.51job.com/beijing-syq/102796654.html?s=01&t=0,深圳欧瑞特供应链管理有限公司,https://jobs.51job.com/beijing-syq/102796654.html?s=01&t=0,40.117452,116.606579
https://jobs.51job.com/beijing-dxq/101590912.html?s=01&t=0,敦豪物流（北京）有限公司,https://jobs.51job.com/beijing-dxq/101590912.html?s=01&t=0,39.812498,116.538635
https://jobs.51job.com/beijing-syq/101054657.html?s=01&t=0,神州数码供应链,https://jobs.51job.com/beijing-syq/101054657.html?s=01&t=0,40.126704,116.624365
https://jobs.51job.com/beijing-cyq/100960628.html?s=01&t=0,广州达而球物业管理服务有限公司,https://jobs.51job.com/beijing-cyq/100960628.html?s=01&t=0,39.929695,116.452488
https://jobs.51job.com/beijing-tzq/98846251.html?s=01&t=0,安吉快运（上海）有限公司,https://jobs.51job.com/beijing-tzq/98846251.html?s=01&t=0,39.986664,116.778528
https://jobs.51job.com/beijing-dxq/102720045.html?s=01&t=0,招商路凯（中国）投资控股有限公司,https://jobs.51job.com/beijing-dxq/102720045.html?s=01&t=0,39.911013,116.413554
https://jobs.51job.com/beijing-dxq/102934658.html?s=01&t=0,蜀海（北京）供应链管理有限责任公司,https://jobs.51job.com/beijing-dxq/102934658.html?s=01&t=0,39.721470,116.429835
https://jobs.51job.com/beijing-tzq/66306758.html?s=01&t=0,北京傅瑞物流有限公司,https://jobs.51job.com/beijing-tzq/66306758.html?s=01&t=0,39.863951,116.720336
https://jobs.51job.com/beijing-syq/93322726.html?s=01&t=0,北京兆驰供应链管理有限公司,https://jobs.51job.com/beijing-syq/93322726.html?s=01&t=0,40.119579,116.613915
https://jobs.51job.com/beijing/72461615.html?s=01&t=0,嘉友国际物流股份有限公司,https://jobs.51job.com/beijing/72461615.html?s=01&t=0,39.923648,116.352199
https://jobs.51job.com/beijing-syq/94927610.html?s=01&t=0,小码大众（北京）技术有限公司,https://jobs.51job.com/beijing-syq/94927610.html?s=01&t=0,40.137782,116.595089
https://jobs.51job.com/beijing-dxq/75453282.html?s=01&t=0,上海龙渤物流有限公司,https://jobs.51job.com/beijing-dxq/75453282.html?s=01&t=0,39.770571,116.383548
https://jobs.51job.com/beijing-cyq/102891599.html?s=01&t=0,北京三友联高科技有限公司,https://jobs.51job.com/beijing-cyq/102891599.html?s=01&t=0,39.928181,116.455129
https://jobs.51job.com/beijing-syq/97765998.html?s=01&t=0,宏远控股集团,https://jobs.51job.com/beijing-syq/97765998.html?s=01&t=0,40.126253,116.621504
https://jobs.51job.com/changzhou-wjq/102908392.html?s=01&t=0,北京华北包装有限公司,https://jobs.51job.com/changzhou-wjq/102908392.html?s=01&t=0,31.708410,119.841194
https://jobs.51job.com/beijing-dxq/73539285.html?s=01&t=0,上海虹迪物流科技股份有限公司,https://jobs.51job.com/beijing-dxq/73539285.html?s=01&t=0,39.698261,116.357810
https://jobs.51job.com/beijing/99328807.html?s=01&t=0,百世物流科技（中国）有限公司,https://jobs.51job.com/beijing/99328807.html?s=01&t=0,39.697340,116.348583
https://jobs.51job.com/beijing-ftq/102581388.html?s=01&t=5,北京海王诺安科技有限公司,https://jobs.51job.com/beijing-ftq/102581388.html?s=01&t=5,39.857053,116.394043
https://jobs.51job.com/beijing/98698835.html?s=01&t=0,心怡科技股份有限公司,https://jobs.51job.com/beijing/98698835.html?s=01&t=0,39.914889,116.403874
https://jobs.51job.com/beijing-tzq/100017734.html?s=01&t=0,安得智联科技股份有限公司,https://jobs.51job.com/beijing-tzq/100017734.html?s=01&t=0,39.854289,116.762210
https://jobs.51job.com/beijing-cyq/101708805.html?s=01&t=0,上海赫持货运代理有限公司,https://jobs.51job.com/beijing-cyq/101708805.html?s=01&t=0,39.844006,116.599571
https://jobs.51job.com/beijing-dxq/101203888.html?s=01&t=0,唯捷城配,https://jobs.51job.com/beijing-dxq/101203888.html?s=01&t=0,39.732555,116.348628
https://jobs.51job.com/beijing-syq/103206989.html?s=01&t=0,北京兆驰供应链管理有限公司,https://jobs.51job.com/beijing-syq/103206989.html?s=01&t=0,40.118774,116.615510
https://jobs.51job.com/beijing-cyq/103211270.html?s=01&t=0,北京三友联高科技有限公司,https://jobs.51job.com/beijing-cyq/103211270.html?s=01&t=0,39.928181,116.455129
https://jobs.51job.com/beijing-tzq/103091334.html?s=01&t=0,北京世纪链通快运有限公司,https://jobs.51job.com/beijing-tzq/103091334.html?s=01&t=0,39.762108,116.669043
https://jobs.51job.com/beijing-cyq/103218935.html?s=01&t=0,宁波网捷物流有限公司,https://jobs.51job.com/beijing-cyq/103218935.html?s=01&t=0,39.957595,116.554708
https://jobs.51job.com/beijing/103224663.html?s=01&t=0,蜀海（北京）供应链管理有限责任公司 查看所有职位,https://jobs.51job.com/beijing/103224663.html?s=01&t=0,39.721414,116.429752
https://jobs.51job.com/beijing-pgq/99035425.html?s=01&t=0,北京林海伟业物流有限公司,https://jobs.51job.com/beijing-pgq/99035425.html?s=01&t=0,40.066459,117.018266
https://jobs.51job.com/beijing-cpq/98734023.html?s=01&t=0,北京正通灏天商贸有限公司,https://jobs.51job.com/beijing-cpq/98734023.html?s=01&t=0,40.145339,116.290916
https://jobs.51job.com/beijing-syq/103045069.html?s=01&t=0,全球国合国际货运（北京）有限公司,https://jobs.51job.com/beijing-syq/103045069.html?s=01&t=0,40.117452,116.606579
https://jobs.51job.com/beijing/97268507.html?s=01&t=0,招商路凯（中国）投资控股有限公司,https://jobs.51job.com/beijing/97268507.html?s=01&t=0,39.658568,116.672905
https://jobs.51job.com/beijing-dxq/92137268.html?s=01&t=0,北京动力物流有限公司,https://jobs.51job.com/beijing-dxq/92137268.html?s=01&t=0,39.858433,116.403589
https://jobs.51job.com/beijing-syq/96569988.html?s=01&t=0,北京天时丰益物流有限公司,https://jobs.51job.com/beijing-syq/96569988.html?s=01&t=0,40.146808,116.697566
https://jobs.51job.com/beijing/103070670.html?s=01&t=0,神州数码供应链,https://jobs.51job.com/beijing/103070670.html?s=01&t=0,40.057321,116.309811
https://jobs.51job.com/beijing-tzq/94554303.html?s=01&t=0,北京市金韵达速递有限公司,https://jobs.51job.com/beijing-tzq/94554303.html?s=01&t=0,39.801649,116.707637
https://jobs.51job.com/beijing/100143472.html?s=01&t=0,北京泽坤国际货运代理有限公司,https://jobs.51job.com/beijing/100143472.html?s=01&t=0,40.120026,116.615551
https://jobs.51job.com/beijing-cyq/103117942.html?s=01&t=0,鲜生活冷链物流有限公司,https://jobs.51job.com/beijing-cyq/103117942.html?s=01&t=0,39.859492,116.623218
https://jobs.51job.com/beijing-syq/103159190.html?s=01&t=0,火凤凰（北京）国际艺术品物流有限公司,https://jobs.51job.com/beijing-syq/103159190.html?s=01&t=0,40.087474,116.574067
https://jobs.51job.com/hadongbin-ngq/97095949.html?s=01&t=0,北京强世隆商贸有限公司,https://jobs.51job.com/hadongbin-ngq/97095949.html?s=01&t=0,45.775368,126.729584
https://jobs.51job.com/beijing-tzq/103445528.html?s=01&t=0,"上海惠尔物流有限公司 ShangHai Huier Logistica Co., Ltd",https://jobs.51job.com/beijing-tzq/103445528.html?s=01&t=0,39.723223,116.709588
https://jobs.51job.com/beijing-dxq/103492295.html?s=01&t=0,北京鸿翔科技有限公司,https://jobs.51job.com/beijing-dxq/103492295.html?s=01&t=0,39.778427,116.503714
https://jobs.51job.com/beijing-cyq/103522542.html?s=01&t=0,北京三友联高科技有限公司,https://jobs.51job.com/beijing-cyq/103522542.html?s=01&t=0,39.928181,116.455129
https://jobs.51job.com/beijing-cyq/103390302.html?s=01&t=0,宁波网捷物流有限公司,https://jobs.51job.com/beijing-cyq/103390302.html?s=01&t=0,39.929238,116.508479
https://jobs.51job.com/beijing-cyq/103117615.html?s=01&t=0,鲜生活冷链物流有限公司,https://jobs.51job.com/beijing-cyq/103117615.html?s=01&t=0,39.859492,116.623218
https://jobs.51job.com/beijing-dxq/103339975.html?s=01&t=0,广东益邦物流有限公司,https://jobs.51job.com/beijing-dxq/103339975.html?s=01&t=0,39.699286,116.358682
https://jobs.51job.com/beijing-dxq/103318523.html?s=01&t=0,北京国泰兴达安全防范技术有限公司,https://jobs.51job.com/beijing-dxq/103318523.html?s=01&t=0,116.325287,116.325287
https://jobs.51job.com/beijing-tzq/103376915.html?s=01&t=0,中国外运物流发展有限公司,https://jobs.51job.com/beijing-tzq/103376915.html?s=01&t=0,39.809875,116.556050
https://jobs.51job.com/beijing-ftq/103404310.html?s=01&t=0,成都爱司机科技有限公司,https://jobs.51job.com/beijing-ftq/103404310.html?s=01&t=0,39.835526,116.305191
https://jobs.51job.com/beijing-syq/103414835.html?s=01&t=0,中国航空器材有限责任公司北京分公司,https://jobs.51job.com/beijing-syq/103414835.html?s=01&t=0,40.077508,116.573405
https://jobs.51job.com/beijing-syq/103659202.html?s=01&t=0,北京英络物流有限公司,https://jobs.51job.com/beijing-syq/103659202.html?s=01&t=0,40.224035,116.547410
https://jobs.51job.com/beijing-syq/103665645.html?s=01&t=0,鸿讯物流有限公司,https://jobs.51job.com/beijing-syq/103665645.html?s=01&t=0,40.115149,116.598506
https://jobs.51job.com/beijing-cyq/103665754.html?s=01&t=0,神州数码供应链,https://jobs.51job.com/beijing-cyq/103665754.html?s=01&t=0,39.761609,116.611768
https://jobs.51job.com/beijing-cyq/103723091.html?s=01&t=0,北京三友联高科技有限公司,https://jobs.51job.com/beijing-cyq/103723091.html?s=01&t=0,39.928181,116.455129
https://jobs.51job.com/beijing-cpq/77370435.html?s=01&t=0,北京中联通达物流服务有限公司,https://jobs.51job.com/beijing-cpq/77370435.html?s=01&t=0,40.155594,116.394752
https://jobs.51job.com/beijing-syq/103711038.html?s=01&t=0,北京恒华物流有限公司,https://jobs.51job.com/beijing-syq/103711038.html?s=01&t=0,40.119742,116.606185
https://jobs.51job.com/weihai/103717765.html?s=01&t=0,山东海裕远洋渔业有限公司,https://jobs.51job.com/weihai/103717765.html?s=01&t=0,37.446489,122.160443
https://jobs.51job.com/beijing/103746274.html?s=01&t=0,北京市轨道交通运营管理有限公司,https://jobs.51job.com/beijing/103746274.html?s=01&t=0,39.838217,116.422051
https://jobs.51job.com/beijing-cyq/103700965.html?s=01&t=0,北京惠丰佳业汽车销售有限公司 查看所有职位,https://jobs.51job.com/beijing-cyq/103700965.html?s=01&t=0,40.019217,116.576221
https://jobs.51job.com/beijing/87099922.html?s=01&t=0,安得智联科技股份有限公司,https://jobs.51job.com/beijing/87099922.html?s=01&t=0,39.862848,116.727443
https://jobs.51job.com/beijing-cyq/102734230.html?s=01&t=0,北京一花一叶农业有限公司,https://jobs.51job.com/beijing-cyq/102734230.html?s=01&t=0,39.969749,116.562825
https://jobs.51job.com/beijing-syq/96598719.html?s=01&t=0,北京诚和通物流有限公司 查看所有职位,https://jobs.51job.com/beijing-syq/96598719.html?s=01&t=0,40.142848,116.590562
https://jobs.51job.com/beijing-tzq/103609318.html?s=01&t=0,上海畅联国际物流股份有限公司北京分公司,https://jobs.51job.com/beijing-tzq/103609318.html?s=01&t=0,39.754863,116.567263
https://jobs.51job.com/beijing/103631442.html?s=01&t=0,北京京港地铁有限公司,https://jobs.51job.com/beijing/103631442.html?s=01&t=0,39.845136,116.371876
https://jobs.51job.com/beijing-tzq/69213841.html?s=01&t=0,北京傅瑞物流有限公司,https://jobs.51job.com/beijing-tzq/69213841.html?s=01&t=0,39.863951,116.720336
https://jobs.51job.com/beijing-syq/84965368.html?s=01&t=0,北京志拓企业管理有限公司,https://jobs.51job.com/beijing-syq/84965368.html?s=01&t=0,40.115149,116.598506
https://jobs.51job.com/beijing-hdq/35647690.html?s=01&t=5,联强国际,https://jobs.51job.com/beijing-hdq/35647690.html?s=01&t=5,40.087873,116.250740
https://jobs.51job.com/beijing-dxq/103972926.html?s=01&t=0,北京久威仓储设备有限公司 查看所有职位,https://jobs.51job.com/beijing-dxq/103972926.html?s=01&t=0,39.792418,116.330839
https://jobs.51job.com/beijing-cyq/103981666.html?s=01&t=0,北京三友联高科技有限公司,https://jobs.51job.com/beijing-cyq/103981666.html?s=01&t=0,39.928181,116.455129
https://jobs.51job.com/beijing-ftq/103962209.html?s=01&t=0,北京动力物流有限公司,https://jobs.51job.com/beijing-ftq/103962209.html?s=01&t=0,39.808750,116.289660
https://jobs.51job.com/beijing-hdq/103964179.html?s=01&t=0,神州数码供应链,https://jobs.51job.com/beijing-hdq/103964179.html?s=01&t=0,40.057387,116.309722
https://jobs.51job.com/beijing-fsq/103916084.html?s=01&t=0,宁波网捷物流有限公司,https://jobs.51job.com/beijing-fsq/103916084.html?s=01&t=0,39.768957,116.219912
https://jobs.51job.com/beijing-dxq/103932026.html?s=01&t=0,上海无忧供应链管理有限公司,https://jobs.51job.com/beijing-dxq/103932026.html?s=01&t=0,39.780494,116.523478
https://jobs.51job.com/beijing-syq/80258433.html?s=01&t=0,深圳市恒路物流股份有限公司北京分公司,https://jobs.51job.com/beijing-syq/80258433.html?s=01&t=0,40.132588,116.593694
https://jobs.51job.com/beijing-tzq/64558198.html?s=01&t=0,北京傅瑞物流有限公司,https://jobs.51job.com/beijing-tzq/64558198.html?s=01&t=0,39.769163,116.571157
https://jobs.51job.com/beijing-syq/94506440.html?s=01&t=0,新时代国际运输服务有限公司,https://jobs.51job.com/beijing-syq/94506440.html?s=01&t=0,40.118771,116.615528
https://jobs.51job.com/beijing-cyq/104245314.html?s=01&t=0,北京三友联高科技有限公司,https://jobs.51job.com/beijing-cyq/104245314.html?s=01&t=0,39.928181,116.455129
https://jobs.51job.com/beijing-syq/104172897.html?s=01&t=0,北京志拓企业管理有限公司,https://jobs.51job.com/beijing-syq/104172897.html?s=01&t=0,40.115149,116.598506
https://jobs.51job.com/beijing-syq/104199989.html?s=01&t=0,鸿讯物流有限公司,https://jobs.51job.com/beijing-syq/104199989.html?s=01&t=0,40.115149,116.598506
https://jobs.51job.com/shanghai/104003994.html?s=01&t=0,滨州腾标物流有限公司,https://jobs.51job.com/shanghai/104003994.html?s=01&t=0,31.235929,121.480540
https://jobs.51job.com/beijing-dxq/97994080.html?s=01&t=0,北京亚通达物流有限公司,https://jobs.51job.com/beijing-dxq/97994080.html?s=01&t=0,39.691583,116.507257
https://jobs.51job.com/beijing-syq/104245157.html?s=01&t=0,天津大田运输服务有限公司北京分公司,https://jobs.51job.com/beijing-syq/104245157.html?s=01&t=0,40.150528,116.704869
https://jobs.51job.com/beijing/104050565.html?s=01&t=0,北京和众奥顺达物流有限公司 查看所有职位,https://jobs.51job.com/beijing/104050565.html?s=01&t=0,39.838747,116.497145
https://jobs.51job.com/beijing/100834327.html?s=01&t=0,圆通速递有限公司 查看所有职位,https://jobs.51job.com/beijing/100834327.html?s=01&t=0,39.911013,116.413554
https://jobs.51job.com/beijing/104095650.html?s=01&t=0,北京春溢通物流有限公司,https://jobs.51job.com/beijing/104095650.html?s=01&t=0,35.400769,116.605287
https://jobs.51job.com/langfang/46648487.html?s=01&t=0,迪卡侬仓储配送,https://jobs.51job.com/langfang/46648487.html?s=01&t=0,39.543520,116.690340
https://jobs.51job.com/weihai/104262775.html?s=01&t=0,山东海裕远洋渔业有限公司,https://jobs.51job.com/weihai/104262775.html?s=01&t=0,37.446489,122.160443
https://jobs.51job.com/beijing-syq/104122397.html?s=01&t=0,北京顺丰速运有限公司,https://jobs.51job.com/beijing-syq/104122397.html?s=01&t=0,40.129778,116.599258
https://jobs.51job.com/beijing-tzq/98628909.html?s=01&t=0,安得智联科技股份有限公司,https://jobs.51job.com/beijing-tzq/98628909.html?s=01&t=0,39.854289,116.762210
https://jobs.51job.com/beijing-cyq/104530165.html?s=01&t=0,北京三友联高科技有限公司,https://jobs.51job.com/beijing-cyq/104530165.html?s=01&t=0,39.928181,116.455129
https://jobs.51job.com/beijing-syq/104474217.html?s=01&t=0,北京英络物流有限公司,https://jobs.51job.com/beijing-syq/104474217.html?s=01&t=0,40.224035,116.547410
https://jobs.51job.com/beijing/104479274.html?s=01&t=0,招商路凯（中国）投资控股有限公司,https://jobs.51job.com/beijing/104479274.html?s=01&t=0,39.658568,116.672905
https://jobs.51job.com/beijing-syq/104486769.html?s=01&t=0,敦豪物流（北京）有限公司,https://jobs.51job.com/beijing-syq/104486769.html?s=01&t=0,40.131968,116.602060
https://jobs.51job.com/shanghai/104475116.html?s=01&t=0,普格县顺捷货运有限公司,https://jobs.51job.com/shanghai/104475116.html?s=01&t=0,31.366626,121.495618
https://jobs.51job.com/shanghai/104525400.html?s=01&t=0,景谷明通物流有限公司,https://jobs.51job.com/shanghai/104525400.html?s=01&t=0,31.235929,121.480540
https://jobs.51job.com/beijing-dxq/104390254.html?s=01&t=0,广州达而球物业管理服务有限公司,https://jobs.51job.com/beijing-dxq/104390254.html?s=01&t=0,39.788579,116.525758
https://jobs.51job.com/shanghai/104286406.html?s=01&t=0,眉山缘居园集装箱有限公司,https://jobs.51job.com/shanghai/104286406.html?s=01&t=0,31.328366,121.278151
https://jobs.51job.com/beijing-dxq/90205484.html?s=01&t=0,佳杰科技（中国）有限公司 物流中心,https://jobs.51job.com/beijing-dxq/90205484.html?s=01&t=0,39.697413,116.348081
https://jobs.51job.com/beijing-dxq/72385009.html?s=01&t=0,上海新易泰物流有限公司,https://jobs.51job.com/beijing-dxq/72385009.html?s=01&t=0,39.759306,116.294229
https://jobs.51job.com/beijing/104355435.html?s=01&t=0,安得智联科技股份有限公司,https://jobs.51job.com/beijing/104355435.html?s=01&t=0,39.728550,116.875103
https://jobs.51job.com/langfang/100375139.html?s=01&t=0,迪卡侬仓储配送,https://jobs.51job.com/langfang/100375139.html?s=01&t=0,39.543520,116.690340
https://jobs.51job.com/beijing-dxq/104694105.html?s=01&t=0,北京鸿翔科技有限公司,https://jobs.51job.com/beijing-dxq/104694105.html?s=01&t=0,39.778427,116.503714
https://jobs.51job.com/beijing-cyq/104740074.html?s=01&t=0,伊藤忠物流（中国）有限公司 查看所有职位,https://jobs.51job.com/beijing-cyq/104740074.html?s=01&t=0,39.863811,116.408886
https://jobs.51job.com/beijing-cyq/104745243.html?s=01&t=0,神州数码供应链,https://jobs.51job.com/beijing-cyq/104745243.html?s=01&t=0,40.009064,116.575454
https://jobs.51job.com/beijing-syq/90274035.html?s=01&t=0,北京神鹰国际货运有限公司,https://jobs.51job.com/beijing-syq/90274035.html?s=01&t=0,40.087475,116.574070
https://jobs.51job.com/beijing-cyq/104768271.html?s=01&t=0,北京三友联高科技有限公司,https://jobs.51job.com/beijing-cyq/104768271.html?s=01&t=0,39.928181,116.455129
https://jobs.51job.com/weihai/104691841.html?s=01&t=0,威海字成海洋科技有限公司,https://jobs.51job.com/weihai/104691841.html?s=01&t=0,37.446807,122.160290
https://jobs.51job.com/beijing/103292649.html?s=01&t=0,北京长久物流股份有限公司,https://jobs.51job.com/beijing/103292649.html?s=01&t=0,39.662410,116.077110
https://jobs.51job.com/beijing-tzq/104605366.html?s=01&t=0,北京鸿宝源货物运输服务有限公司,https://jobs.51job.com/beijing-tzq/104605366.html?s=01&t=0,39.754863,116.567263
https://jobs.51job.com/beijing-tzq/98709727.html?s=01&t=0,上海复融供应链管理有限公司,https://jobs.51job.com/beijing-tzq/98709727.html?s=01&t=0,39.752060,116.627640
https://jobs.51job.com/beijing-syq/104311798.html?s=01&t=0,敦豪物流（北京）有限公司,https://jobs.51job.com/beijing-syq/104311798.html?s=01&t=0,40.131968,116.602060
https://jobs.51job.com/beijing-dxq/104605783.html?s=01&t=0,国科恒泰（北京）医疗科技股份有限公司,https://jobs.51job.com/beijing-dxq/104605783.html?s=01&t=0,39.812252,116.537444
https://jobs.51job.com/shanghai/104533145.html?s=01&t=0,泸州鑫磊集装箱制造有限公司,https://jobs.51job.com/shanghai/104533145.html?s=01&t=0,31.323165,121.680191
https://jobs.51job.com/beijing-syq/85744530.html?s=01&t=0,北京恒华物流有限公司 查看所有职位,https://jobs.51job.com/beijing-syq/85744530.html?s=01&t=0,40.117270,116.605951
https://jobs.51job.com/beijing-syq/93769914.html?s=01&t=0,上海畅联国际物流股份有限公司北京分公司,https://jobs.51job.com/beijing-syq/93769914.html?s=01&t=0,40.117270,116.605951
https://jobs.51job.com/beijing-fsq/104681191.html?s=01&t=0,广东顺心快运有限公司,https://jobs.51job.com/beijing-fsq/104681191.html?s=01&t=0,39.675224,115.951561
https://jobs.51job.com/beijing-cyq/104891217.html?s=01&t=0,北京天时物流有限公司 查看所有职位,https://jobs.51job.com/beijing-cyq/104891217.html?s=01&t=0,39.885980,116.623628
https://jobs.51job.com/beijing-syq/92917100.html?s=01&t=0,上海畅联国际物流股份有限公司北京分公司 查看所有职位,https://jobs.51job.com/beijing-syq/92917100.html?s=01&t=0,40.117270,116.605951
https://jobs.51job.com/changsha-txq/104805430.html?s=01&t=0,长沙壹驰速运有限公司,https://jobs.51job.com/changsha-txq/104805430.html?s=01&t=0,28.171086,112.974181
https://jobs.51job.com/beijing-syq/82419236.html?s=01&t=0,北京安信捷达物流有限公司,https://jobs.51job.com/beijing-syq/82419236.html?s=01&t=0,40.082753,116.665614
https://jobs.51job.com/beijing-syq/104860329.html?s=01&t=0,北京东方博泰文档数据外包服务有限公司,https://jobs.51job.com/beijing-syq/104860329.html?s=01&t=0,40.131903,116.600606
https://jobs.51job.com/beijing-ftq/85618320.html?s=01&t=0,北京动力物流有限公司,https://jobs.51job.com/beijing-ftq/85618320.html?s=01&t=0,39.808750,116.289660
https://jobs.51job.com/beijing-cyq/104946706.html?s=01&t=0,上海居嘉物流发展有限公司,https://jobs.51job.com/beijing-cyq/104946706.html?s=01&t=0,39.887503,116.605534
https://jobs.51job.com/beijing-cyq/104951569.html?s=01&t=0,万乘城配 查看所有职位,https://jobs.51job.com/beijing-cyq/104951569.html?s=01&t=0,39.918860,116.481590
https://jobs.51job.com/beijing-tzq/104969908.html?s=01&t=0,北京中冷物流股份有限公司,https://jobs.51job.com/beijing-tzq/104969908.html?s=01&t=0,39.862302,116.722606
https://jobs.51job.com/shanghai/104989799.html?s=01&t=0,凤翔大正物流运输有限公司,https://jobs.51job.com/shanghai/104989799.html?s=01&t=0,31.399287,121.505356
https://jobs.51job.com/beijing-cyq/105018929.html?s=01&t=0,北京三友联高科技有限公司,https://jobs.51job.com/beijing-cyq/105018929.html?s=01&t=0,39.928181,116.455129
https://jobs.51job.com/beijing-tzq/94105409.html?s=01&t=0,北京春溢通物流有限公司 查看所有职位,https://jobs.51job.com/beijing-tzq/94105409.html?s=01&t=0,39.690368,116.706551
https://jobs.51job.com/beijing-cyq/105342247.html?s=01&t=0,宁波网捷物流有限公司 查看所有职位,https://jobs.51job.com/beijing-cyq/105342247.html?s=01&t=0,39.929238,116.508479
https://jobs.51job.com/beijing-dxq/105358910.html?s=01&t=0,敦豪物流（北京）有限公司 查看所有职位,https://jobs.51job.com/beijing-dxq/105358910.html?s=01&t=0,39.812498,116.538635
https://jobs.51job.com/beijing-myq/105202312.html?s=01&t=0,天地华宇集团 查看所有职位,https://jobs.51job.com/beijing-myq/105202312.html?s=01&t=0,40.361791,116.829750
https://jobs.51job.com/beijing-dxq/105159311.html?s=01&t=0,山东丰尔达物流有限公司 查看所有职位,https://jobs.51job.com/beijing-dxq/105159311.html?s=01&t=0,39.782259,116.551825
https://jobs.51job.com/beijing-ftq/105201401.html?s=01&t=0,北京好手信供应链管理有限责任公司 查看所有职位,https://jobs.51job.com/beijing-ftq/105201401.html?s=01&t=0,39.876344,116.439094
https://jobs.51job.com/beijing-dxq/98368703.html?s=01&t=0,跨越速运集团有限公司 查看所有职位,https://jobs.51job.com/beijing-dxq/98368703.html?s=01&t=0,39.723598,116.417803
https://jobs.51job.com/beijing-ftq/104805430.html?s=01&t=0,长沙壹驰速运有限公司 查看所有职位,https://jobs.51job.com/beijing-ftq/104805430.html?s=01&t=0,39.853943,116.418909
https://jobs.51job.com/beijing-syq/94812818.html?s=01&t=0,北京神鹰国际货运有限公司 查看所有职位,https://jobs.51job.com/beijing-syq/94812818.html?s=01&t=0,40.087475,116.574070
https://jobs.51job.com/beijing-cyq/105330051.html?s=01&t=0,北京三友联高科技有限公司 查看所有职位,https://jobs.51job.com/beijing-cyq/105330051.html?s=01&t=0,39.928181,116.455129
